<?xml version="1.0" encoding="UTF-8"?>
<project-private xmlns="http://www.netbeans.org/ns/project-private/1">
    <editor-bookmarks xmlns="http://www.netbeans.org/ns/editor-bookmarks/2" lastBookmarkId="0"/>
    <open-files xmlns="http://www.netbeans.org/ns/projectui-open-files/2">
        <group>
            <file>file:/var/www/html/selenit/vq/demo/adm/filas.php</file>
            <file>file:/var/www/html/selenit/vq/demo/seguimiento/virtualQueueIni.php</file>
            <file>file:/var/www/html/selenit/vq/demo/dispensador/ticket.php</file>
            <file>file:/var/www/html/selenit/vq/demo/seguimientoServer/index.php</file>
            <file>file:/var/www/html/selenit/vq/demo/adm/filas.mantenedor.class.php</file>
            <file>file:/var/www/html/selenit/vq/demo/seguimiento/index.php</file>
            <file>file:/var/www/html/selenit/vq/demo/global/virtualQueueIni.php</file>
            <file>file:/var/www/html/selenit/vq/demo/adm/Administrar.filas.class.php</file>
        </group>
    </open-files>
</project-private>
